Self-Performance,Goals Achieved,Personal Challenges,Stress or Anxiety,Relationship with Colleagues,Communication Issues,Team Conflicts,Team Collaboration,Employee Name,Employee ID
I believe I've been doing a good job meeting my objectives.,I've completed most of my planned goals ahead of schedule.,I've been able to overcome minor obstacles without much difficulty.,Work has been busy but not stressful.,I have great rapport with everyone in the department.,Communication flows smoothly in our department.,There have been no interpersonal issues this month.,Collaboration within the team has been excellent.,John Smith,EMP001
I feel I've been performing at a high level consistently.,I've been successful in meeting all the goals set for me.,"No significant challenges, just the usual day-to-day issues.",My stress levels have been quite manageable.,My working relationships are strong and productive.,Information sharing in the team has been excellent.,"No conflicts to report, the team is working harmoniously.",Our collaborative efforts have been producing great results.,Jane Doe,EMP002
I'm struggling to stay focused and productive during work hours.,I've completed most of my planned goals ahead of schedule.,I'm finding it hard to prioritize tasks effectively with so many competing demands.,I'm experiencing high levels of stress that are affecting my sleep.,I have excellent relationships with all my colleagues.,I find it easy to communicate with everyone on the team.,The team dynamic has been very positive with no conflicts.,Our collaborative efforts have been producing great results.,Michael Johnson,EMP003
I feel I've been performing at a high level consistently.,My goal completion rate has been excellent this month.,"Just the standard technical issues, nothing major.",No significant stress or anxiety to report.,I have great rapport with everyone in the department.,Communication flows smoothly in our department.,"No conflicts to report, the team is working harmoniously.",Collaboration within the team has been excellent.,Sarah Williams,EMP004
I believe I've been doing a good job meeting my objectives.,I've completed most of my planned goals ahead of schedule.,"Nothing particularly challenging this month, it's been smooth.",I'm handling the workload well without feeling overwhelmed.,I have great rapport with everyone in the department.,Our communication channels are working effectively.,Everyone has been getting along very well.,Team coordination and support has been outstanding.,Robert Brown,EMP005
I feel I've been performing at a high level consistently.,My goal completion rate has been excellent this month.,"Just the standard technical issues, nothing major.",No significant stress or anxiety to report.,I'm having difficulty working with some team members.,Important information isn't being shared properly within the team.,Certain team members are not respecting boundaries or responsibilities.,I'm finding it difficult to get support from certain colleagues when needed.,Emily Davis,EMP006
I feel I've been performing at a high level consistently.,I achieved all my goals this month and even exceeded some targets.,I've been able to overcome minor obstacles without much difficulty.,Work has been busy but not stressful.,My working relationships are strong and productive.,Our communication channels are working effectively.,No disagreements or tensions to mention.,I'm very satisfied with how we're working together as a team.,David Miller,EMP007
I feel I've been performing at a high level consistently.,I achieved all my goals this month and even exceeded some targets.,"Just the standard technical issues, nothing major.",My stress levels have been quite manageable.,My working relationships are strong and productive.,There are serious communication breakdowns in our department.,I'm experiencing difficulties working with specific colleagues due to conflicting work styles.,Collaboration has become increasingly difficult in our team.,Lisa Wilson,EMP008
I believe I've been doing a good job meeting my objectives.,My goal completion rate has been excellent this month.,"No serious challenges to report, everything has been manageable.",I'm handling the workload well without feeling overwhelmed.,I have excellent relationships with all my colleagues.,Our communication channels are working effectively.,No disagreements or tensions to mention.,We've been working together effectively on all projects.,James Garcia,EMP009
"My performance has been strong, I've completed all assigned tasks efficiently.",I've completed most of my planned goals ahead of schedule.,"Just the standard technical issues, nothing major.",No significant stress or anxiety to report.,I have excellent relationships with all my colleagues.,Our communication channels are working effectively.,There have been no interpersonal issues this month.,I'm very satisfied with how we're working together as a team.,Maria Martinez,EMP010
